,index_0,index_1,behavior_0,behavior_1,objective,solution_0,solution_1,solution_2,solution_3,solution_4,solution_5,solution_6,solution_7,solution_8,solution_9
0,0,55,0.0,55.0,0.8963068181818182,-1.0,0.27830016770046234,-0.21325870233666736,-0.4861128896435005,-0.023909886706655337,-0.2405045933952435,0.06275060554731701,0.23251834817759567,-1.0,-0.8870399057794353
1,0,62,0.0,62.0,308.0,-0.8962921810024395,-0.9320742120407133,-0.3951634840588416,-1.0,-0.08968821494083201,-0.6227872617568848,0.39986356281486946,0.9748507658893826,0.06166234043546098,0.1433740653623038
2,0,43,0.0,43.0,140.0,-0.3073291233117129,0.05694638008219555,0.3979963706366718,0.19795283634671956,0.06837631882385259,-0.8888068596627814,-0.658166950617161,0.22547846510307698,-0.39065620282945684,-0.6130635800045546
3,0,33,0.0,33.0,0.890625,0.09123653063458026,0.2958885526226437,0.6887372667365304,-0.6815581420664347,0.37082416050986916,-1.0,-0.7349121968562056,-1.0,-1.0,-0.577044557361683
4,2,55,2.0,55.0,0.8877840909090909,1.0,0.137248375934996,-0.3375730591442106,0.9011527081635917,-1.0,0.5821958878442093,-0.8387241221159162,0.1133316318276284,0.4839895967885183,0.03729361356566419
5,0,67,0.0,67.0,0.8011363636363636,1.0,0.4399836834944708,0.7494448228884386,1.0,0.19476284706312008,1.0,-0.45852500586933953,-1.0,1.0,-0.04589201421150993
6,0,41,0.0,41.0,193.0,-1.0,-0.3526308781915648,0.49077984388637913,-0.9120180137361028,0.687486482466352,-0.2140107978640332,0.9272439818743359,-0.5237930309580794,-1.0,-0.611369140818073
7,0,21,0.0,21.0,170.0,-0.23527630100411,0.4405775138642943,-1.0,0.3834456847782256,0.38424982601159674,-0.15753719958347356,0.5098264730197792,0.0994934151966218,0.7522794993979152,-0.7021206781300239
8,1,72,1.0,72.0,0.8778409090909091,-1.0,-0.16318163623957993,1.0,-0.8339459040847472,0.21381414895806317,0.6765118305387208,0.8358865377236966,0.881065380831247,-1.0,0.5661361088189142
9,0,25,0.0,25.0,0.9076704545454546,0.29267775650132755,0.09736481982519904,0.47108426794847547,-1.0,0.581732293122983,-1.0,-0.33788405320991666,-0.5457020623180123,-0.6700585601980611,-0.44328903553235266
10,0,14,0.0,14.0,0.8778409090909091,-0.19604117177997205,-0.27630076446736407,0.48070007360393585,-1.0,0.3374576519720247,-0.9165934213079997,0.4073536671340663,-0.7345931141167223,-0.40218501390246575,-0.7885999549158688
11,3,65,3.0,65.0,0.84375,1.0,-0.1402771112775541,0.23503675042126304,1.0,-1.0,0.44190880089784257,-1.0,-0.24005405374690447,1.0,0.033327557285515355
12,0,32,0.0,32.0,157.0,0.21734560930123778,-0.8383570056370668,0.13441354960147156,-0.6830777599887687,0.8214265186396461,-1.0,0.42382234440003436,-1.0,0.9074034595535709,0.22153146801272683
13,0,42,0.0,42.0,198.0,-0.1927985720546787,0.45639339709619353,1.0,0.21919456040961538,-0.8581299851207551,-0.39928445788812694,-0.03791918203713218,-1.0,-1.0,-0.3877228408152154
14,0,52,0.0,52.0,448.0,-1.0,0.17975387343151683,0.052614541915538604,-0.12451498437948477,-0.3562402495523118,0.2580202213210895,0.8933210617207596,-0.8849757343519767,-0.58160358705806,-0.22071163789474582
15,0,31,0.0,31.0,0.8792613636363636,-1.0,-0.04285126659839489,0.8082485803312165,-0.9670389131128563,0.9698724365458568,-1.0,1.0,0.13554151616512808,-0.48363229951463726,-0.4937963120293733
16,0,63,0.0,63.0,159.0,-0.7716634152334798,-1.0,0.38948311109588213,-0.7459599447924415,-0.7463494105289246,-0.16308049087347481,-1.0,-0.2487451818132561,-0.5422223030416682,-0.8494112941706213
17,2,57,2.0,57.0,0.8309659090909091,1.0,0.7153542905719288,0.41262442831605745,0.4722973483430813,-1.0,-0.26439702861846265,-0.8861541848550479,0.6621017905134792,0.2176540650438436,1.0
18,0,61,0.0,61.0,335.0,-0.980094969373818,-0.3157133441637936,0.16609663167918248,-1.0,-0.2087718088064045,-0.7107506082583374,0.3497406017967468,0.24722638439015138,-0.5334568769661898,0.019873841011678883
19,1,69,1.0,69.0,0.7627840909090909,1.0,0.236488506403707,0.3391852235576497,1.0,-0.03081425966450868,0.7140007284482051,-1.0,-0.22037931376287076,1.0,1.0
20,0,82,0.0,82.0,231.0,0.4286141014094953,-1.0,0.30750795452599516,-0.1017804428109369,-0.49306262220470054,-0.4975711152999096,-1.0,-1.0,-1.0,0.026436809117305372
21,1,53,1.0,53.0,104.0,-0.39961087650634264,-1.0,-0.17815206645120665,0.05299158440594687,-0.7875830568078599,1.0,-1.0,-0.007224118626129761,0.8928754813782257,0.5700074687081588
22,2,31,2.0,31.0,0.6974431818181818,0.5175745509767438,-0.673591306507542,-0.19425497776507344,1.0,0.4396555083181111,-0.2191074034669199,0.7701692892109278,-0.2928007710306869,-0.10611005235604487,0.4939681401958954
23,1,32,1.0,32.0,0.8821022727272727,-0.3521542703839753,0.01796710105213948,0.6021970958463077,-1.0,0.4321150905891312,1.0,0.8355269711592042,-0.2568834111097715,-0.3272438920648953,-0.35941699724743725
24,0,22,0.0,22.0,145.0,0.7990356502342907,1.0,-0.32063108633510595,-0.2086615869550068,1.0,-1.0,-0.3829301142203436,-1.0,-0.8441793396962207,-0.7696580435760804
25,0,12,0.0,12.0,126.0,0.034421648229644664,0.4751233788151264,0.8393619425660026,-0.9025122483134705,-1.0,-0.13480218313870745,0.8989740727939477,-1.0,-1.0,-0.756092118443162
26,1,13,1.0,13.0,0.7897727272727273,0.38607199518335744,0.24820110884984817,-1.0,-0.696323941604836,0.9892441460405441,-1.0,0.8678116483519042,-1.0,0.7401263159458034,-1.0
27,2,64,2.0,64.0,0.8295454545454546,1.0,0.1800181217900282,1.0,-1.0,-0.46307449450674054,0.30049537237229007,-0.5629414728454278,-0.9873008926516148,-0.21757816285617915,1.0
28,0,35,0.0,35.0,0.90625,0.18146955227830083,0.2004216897412634,1.0,0.13692372963726485,0.36333471187737293,0.37833581669742616,-0.508491650191959,-0.4696617841658247,-1.0,-1.0
29,0,44,0.0,44.0,0.9090909090909091,0.32214391132024645,-0.17029860577758085,0.042295693803594214,-0.7703597764352703,1.0,-1.0,-1.0,-1.0,-0.03566020644341261,-0.7106234771292694
30,0,51,0.0,51.0,262.0,-0.9984690661286255,0.27224482017953516,1.0,-0.3573733426383786,1.0,-0.195844027610117,0.48418570975354325,0.1560851884268126,-0.8960930958387634,-0.18254496814217547
31,1,52,1.0,52.0,141.0,0.1401838965512074,-0.8297854982343559,1.0,0.23810628673704434,-1.0,0.543964600693776,-0.8443141176377267,-0.15630355103113147,0.9407455338180412,-0.0666490879067612
32,2,53,2.0,53.0,0.8139204545454546,-0.3304471476253092,-0.29560745171482783,0.5400246554499313,0.08630804097883238,0.021909689107847408,0.06967101199991366,-1.0,0.2023959464445127,-0.24233743043625333,-0.7542539735949109
33,1,21,1.0,21.0,131.0,0.5994836959657839,0.5941530810621564,0.49414212704095156,-1.0,-1.0,-0.13360384564023098,1.0,-0.8234410194437036,-1.0,-0.2153578094143933
34,2,65,2.0,65.0,0.84375,0.9136682644136791,-1.0,0.04925295280458203,-0.08770579258058545,-1.0,0.6478783975804467,-0.33297922918742895,-0.4083366469103117,1.0,0.26853663400276945
35,1,35,1.0,35.0,0.8707386363636364,-0.18057649676769144,0.44237346368585984,1.0,-0.39016700308047525,-0.20794715110132345,0.043786504865640175,-0.9932458299974853,-1.0,-0.5603649925673371,-0.9382287075852791
36,0,23,0.0,23.0,0.8792613636363636,-0.2610258021170606,-0.7281050715817294,0.7561584672586069,-0.732067367787171,0.04452426987973879,-1.0,0.2378538468127509,1.0,0.1219730603759201,0.3479970778433193
37,0,34,0.0,34.0,0.9232954545454546,0.03411168221736624,0.20802174054245026,0.42106097458154573,-0.7333533512796014,0.23196267982098862,-1.0,-1.0,-0.20771176559262647,-0.9472504252491911,-0.9160863033413551
38,0,45,0.0,45.0,0.8877840909090909,-0.355750644175698,0.3983223726923082,0.1864808636808591,-1.0,-0.693739136739051,-1.0,-1.0,-0.4785112727597961,-1.0,-0.767255809283994
39,0,2,0.0,2.0,0.7940340909090909,0.3119115108735703,0.21095762648524458,1.0,-1.0,-0.41340895345382367,-0.8595589041425438,0.9614804520248874,-0.5014885768121166,-0.296631384455087,-1.0
40,0,92,0.0,92.0,0.9076704545454546,-1.0,0.3771266756957288,-1.0,-0.4772372021856591,0.7222982943172725,-0.622452156662266,-0.2178186690153722,-0.5749074449755194,0.08174358095726636,0.19934499232103597
41,0,85,0.0,85.0,154.0,-1.0,-1.0,1.0,-1.0,1.0,0.7713838899168951,-0.8944399260868777,-1.0,-0.24461548124782198,-0.25322157665008727
42,1,55,1.0,55.0,0.8849431818181818,-0.37968091296748574,-0.02166725675661274,-0.3418905260080425,-0.4613199515914862,0.36420626982188764,-0.6274976341308864,-0.6950316716972671,0.166661917988908,-0.4795489139563147,-0.6661967669063121
43,0,80,0.0,80.0,32.0,-0.8245726380888898,-1.0,-0.7503275988650123,0.8843154309215486,0.3464515559790664,1.0,-0.8719674073686263,-0.8052550977684283,0.6097713250881295,-1.0
44,0,53,0.0,53.0,133.0,0.5448946747195678,0.8700277792450283,-1.0,0.7570161892494238,-0.5335122010216249,1.0,0.7396848242622203,-0.7675596904097048,1.0,-0.7192226832748924
45,0,54,0.0,54.0,0.90625,-0.457592368422804,-1.0,0.27191980002445504,-0.3798902462379399,-0.8239943850525304,-0.9592627605585019,-0.5680867136150218,-0.11786832690876659,-0.7898247817863197,-0.9348549929102451
46,1,36,1.0,36.0,0.7840909090909091,1.0,-0.2901566940295046,0.291504773035109,1.0,-0.9933671918292416,0.5395946397177571,0.7687296515798825,0.05850146804473614,0.24374949965159626,0.19557821459075841
47,0,72,0.0,72.0,188.0,-0.2027497366377593,-0.37957795121731597,0.34642611509021937,0.512950973291583,-1.0,-0.8741034704589423,-0.6654618708756259,0.5834601025296208,-0.9484521073754322,-0.33714705961075464
48,1,44,1.0,44.0,0.8892045454545454,-0.4646442569754049,0.7804714134410021,1.0,-0.6055939416471939,0.9763996840130472,0.21847576478513553,0.37405301472090563,0.1698594496379679,-0.9576075680516314,-0.5428824330110638
49,1,56,1.0,56.0,0.8764204545454546,-1.0,-0.6355277454979422,0.5047779430545768,-1.0,0.21602146685937668,-0.8506782840037856,-1.0,0.2042366376446827,-0.63769864124067,-1.0
50,1,81,1.0,81.0,128.0,0.4394038388689594,0.3733963890612828,0.5530470877963336,-0.9728487566603984,1.0,-0.36849135452344245,-1.0,-0.7938378393784138,0.12840564716486647,1.0
51,1,33,1.0,33.0,0.8948863636363636,0.2200855578324833,0.21921937723100388,0.9762195510115184,-0.04678054233053153,1.0,-0.6542886715150213,-0.6284561414037471,-1.0,-0.05219608286156058,-0.22844951315583717
52,1,31,1.0,31.0,0.8494318181818182,-0.8260313315125825,1.0,0.6171688148927699,0.4383608376540881,0.39743094968849085,-1.0,0.2802799607077776,-0.9981760956014119,-0.7720670222721797,-0.3145564937548735
53,1,34,1.0,34.0,0.9232954545454546,0.08102610855838355,-0.3933742844046732,1.0,-1.0,0.5111847938257612,-1.0,-1.0,-0.0838579189925373,-0.1472944342157868,-0.6309390262339113
54,0,73,0.0,73.0,126.0,1.0,-0.8238844697889319,0.7530577745848532,0.53065746370538,0.5370335972492797,-0.561005345092672,-1.0,-0.16266573303602788,-0.8646628891289732,-0.023154520010560953
55,1,45,1.0,45.0,0.8778409090909091,-0.17373737882846071,0.11267187527480531,0.8949431046097569,-0.623333573557035,0.07623891470814176,0.588640124061325,-0.7559404495988375,-0.7483701367442226,-1.0,-0.9314188349150676
56,2,56,2.0,56.0,0.8636363636363636,0.9047265713289611,1.0,-0.10343146356764102,1.0,-0.9168012757872904,0.41959571155091724,-1.0,-0.48763890097610696,0.09781802974785841,-0.048956306705885716
57,2,51,2.0,51.0,0.6789772727272727,-0.8898008499159762,0.22793127216761921,-0.10234870162574794,-0.31211114689554686,0.9004180513424479,0.9074677221920898,0.9463672071439326,-0.6197745175363191,0.319912583477888,0.29192032206231505
58,1,57,1.0,57.0,0.8181818181818182,1.0,-0.35409040622164223,-1.0,1.0,-0.5678859272339698,0.4511952731451993,-0.3179205913228118,-0.32241949523523555,1.0,-0.13485786796983923
59,0,27,0.0,27.0,0.5497159090909091,0.6263638579957912,-0.18155691626931747,-0.48455498716775225,0.9562176302636323,0.6603186686118502,0.7341481773028835,0.7048688656828145,-0.7578541827468912,0.6123159519192691,0.7653323271305218
60,0,81,0.0,81.0,149.0,-0.07424459161763362,-0.32585707908426,0.18949078661168473,-0.31688449020822884,1.0,0.0067245488828193145,-0.8065413133779524,-0.6385194199639639,0.30134873791594785,0.6198140332111669
61,2,44,2.0,44.0,0.7372159090909091,1.0,0.09512654889283606,-0.7348932170547658,1.0,-1.0,-0.312394432145409,-0.5247862585423311,-0.20170772831192085,0.5300995676800425,0.0895770555620227
62,1,54,1.0,54.0,0.8863636363636364,-0.8074626535010817,-1.0,0.9098107937692662,-0.13132199373890108,0.5943595602776238,-0.5091430149799021,-0.9222474211879129,1.0,-1.0,-1.0
63,1,63,1.0,63.0,140.0,-0.2266572360694915,-0.5302913761362978,0.5592493184040157,-1.0,0.08779366737301891,-0.12443338262236292,-1.0,-0.6786540325650992,-0.465852998933436,-0.43966291612333785
64,0,71,0.0,71.0,232.0,-0.307586755514863,-0.24767731577877222,1.0,0.5922178578533943,1.0,-1.0,-1.0,-1.0,-0.5304783757808095,0.38257768040339535
65,0,11,0.0,11.0,107.0,0.5562343581112564,0.37150508244296565,1.0,-0.2224548535454547,-0.5296531583803644,-0.03582267653467297,1.0,-0.9526653512233865,-0.14296794486394104,-0.34524351083026694
66,0,70,0.0,70.0,119.0,0.14539645465173834,1.0,-0.02877886890598702,-0.10046254294084112,1.0,-0.7101129269058656,-0.93063406090516,0.650888163027394,-0.21605755567310175,0.8126830968834745
67,1,64,1.0,64.0,129.0,-0.6179279262454735,-0.509805057809041,0.4789512910131083,-0.6448304998661878,-0.2679178101375307,-0.9523263917861503,-1.0,0.2933635090930359,-0.23143263376764125,-0.2521494157156047
68,0,24,0.0,24.0,0.9019886363636364,0.5202550047402292,0.1736680991537384,0.48689096389049186,-1.0,1.0,-1.0,-0.4714757296384071,-0.9089121241833921,-0.4113158532859738,-0.5747400293107267
69,3,56,3.0,56.0,0.7997159090909091,0.8410361497983976,0.11295435211059385,-0.9635812111857855,1.0,-1.0,-1.0,-0.6912105842556865,1.0,1.0,1.0
70,0,74,0.0,74.0,143.0,-0.02118586144596122,0.2855378155888395,0.6301043541816611,-0.14000595174080388,0.6754148270085703,0.24849660877372037,-0.508783783202818,-0.1348074274668581,-0.6127135990976982,-0.0777651096350116
71,1,46,1.0,46.0,0.8252840909090909,1.0,-0.5335087523862876,1.0,-0.18406273067584178,-1.0,1.0,0.5220727504811875,-0.33192785203354747,0.2448755248089134,0.36607303913681705
72,1,43,1.0,43.0,145.0,-0.07305089672828669,-0.23317887945381466,0.7463727567922985,-0.888705470041548,0.04865786901397673,-1.0,-1.0,-0.3991197074159343,-0.8158310324754622,-0.6053960495231854
73,1,84,1.0,84.0,0.8494318181818182,-0.6413095002006577,-0.42615905273855514,1.0,-0.9981576337261767,0.5239687291520614,-0.43980716888556026,-0.993819766570404,-1.0,-0.3879419126401821,0.5239133928320244
74,0,76,0.0,76.0,0.7684659090909091,-0.4400942389450093,-0.25200792928658305,0.6338158718199616,-1.0,-0.2697033142673366,0.6998198091458326,-0.5184658611956963,-0.570112315932675,-1.0,-0.43564562083376523
75,1,68,1.0,68.0,0.8238636363636364,1.0,-1.0,-0.3587275445335561,-1.0,-0.5647405878864148,1.0,0.1762328750675471,0.720662464054768,-0.02980938163204816,1.0
76,2,63,2.0,63.0,0.8494318181818182,-0.9163780224526439,-0.8794998652880369,-0.05758057820800683,-0.9812286568969055,-0.45814350615692917,-0.26309581502076085,0.17502314921035578,0.1334356656906791,0.604567233639433,-0.02309174342575504
77,1,65,1.0,65.0,0.8920454545454546,-0.23190994289464495,-1.0,0.7591307778191236,-1.0,0.7488920679866331,0.39304983416403466,0.4044524081316101,-0.6544522632628579,1.0,0.18560199409012673
78,1,23,1.0,23.0,0.7911931818181818,-1.0,0.4661526164104573,0.2752915669079102,-1.0,-1.0,-0.932161793928823,0.11728853665917827,-0.7966712767165823,0.28180734515997735,-1.0
79,2,54,2.0,54.0,0.8394886363636364,0.48936410260491314,0.3676248777785881,-1.0,1.0,-0.49852477387097555,-0.41206355801224037,-1.0,0.12720916582308428,0.6981048352365569,-0.23276512911173824
80,0,64,0.0,64.0,184.0,-0.785353264698483,-0.32007266012995794,0.6317711678539538,-1.0,0.6203427040218151,-0.44416988431265536,-0.14813096340255255,-1.0,-0.6971978462607884,-0.2706237417097138
81,0,83,0.0,83.0,125.0,0.49319349262268586,-0.5561874317620652,1.0,0.8800037944287418,1.0,-0.15245111594113392,-1.0,0.5049991112957295,-0.48654478598771994,-0.0802491078809285
82,1,82,1.0,82.0,113.0,0.3430583519196227,0.25947881168066456,-0.4165287473544188,-1.0,0.6786938301128038,-0.4113586244466598,-1.0,-1.0,-0.07197080119117188,1.0
83,2,42,2.0,42.0,0.890625,-0.829952662329333,-0.24087804197805135,0.5213081328382138,-1.0,0.2939840740169266,-0.21323733494716895,0.5611291545241592,-0.32317500364510676,1.0,-0.11525674755832667
84,2,82,2.0,82.0,0.7755681818181818,-1.0,-0.519719300476355,-0.23577548591338848,-0.3716858270720469,0.9479296697816972,0.23929411910072093,-0.23175422778696553,-0.8532603204739482,-0.37583939114675435,0.7436902050725346
85,0,66,0.0,66.0,0.9019886363636364,-1.0,-0.4255181561544489,0.9206595678081071,-1.0,0.012416563339091136,-0.31463856414280156,-1.0,-0.2791810395272658,-0.6060853225012709,-1.0
86,3,53,3.0,53.0,0.84375,0.7316820343925533,-0.7132918139807451,-1.0,0.2146133804267244,-0.420476569777837,-0.043578182252611675,-0.2807198177199688,-0.2440192725209287,1.0,-0.06881053433364162
87,1,12,1.0,12.0,0.8465909090909091,-0.9281785467184691,0.8086447575411189,-1.0,-0.296930952580589,0.7575618490567086,-0.9834247808629193,-0.03122420391627545,1.0,1.0,-1.0
88,0,60,0.0,60.0,243.0,-0.8886323585732383,-0.7981434402894466,-0.6433022074584621,-0.6092827281673918,0.5085712713394042,-0.054650852759755175,0.8701552207252576,1.0,-0.49950418400054636,-0.32761060766798716
89,2,46,2.0,46.0,0.7855113636363636,1.0,-0.4926440166248198,-0.27429217958284113,1.0,-0.11388227669504455,0.6453271176698423,0.4489407904968834,0.09038291179102309,0.3799724862036127,0.41136928947521273
90,2,33,2.0,33.0,0.7556818181818182,1.0,-0.45809359570276803,-0.295176185509045,-0.5965316296242091,0.6374005709961905,0.7488686474551071,1.0,-1.0,-0.6122208627147343,-0.10666241299908763
91,1,41,1.0,41.0,112.0,0.185393297055999,-1.0,-0.1945175026216745,0.992745664984003,-1.0,-0.0020704134051048873,0.01223416860300186,-0.884590729195096,-0.3124549251440679,-0.8626353852459427
92,3,68,3.0,68.0,0.8636363636363636,1.0,-1.0,0.2129672728441358,-1.0,-0.6433893925349935,0.8113232537085732,0.4618494457217701,-0.27626433437112835,0.8491128487654888,1.0
93,3,74,3.0,74.0,0.7130681818181818,-0.8925591224688227,-0.8407786729978464,-0.8456040079283431,0.3832820345044886,1.0,0.7974416667110614,0.28896031830762114,0.005327862543096973,0.45156917612175573,1.0
94,1,61,1.0,61.0,172.0,0.1510463791697922,-1.0,0.11568554902097022,1.0,-1.0,-1.0,-0.4597456399711606,-1.0,-1.0,-0.9382917348666242
95,1,51,1.0,51.0,208.0,-0.7014673522750293,0.06856572162101361,1.0,-0.6584060120118818,0.5302103735026271,0.10665532337280059,0.4342071176277017,-0.04270881390520542,-1.0,-0.06948361327190919
96,0,50,0.0,50.0,163.0,-1.0,0.04305216088880942,-0.20789671061409448,-0.720735321409038,1.0,-0.4663648461388659,0.7675959308458055,-0.538849396222963,-1.0,-0.024971205374504257
97,0,15,0.0,15.0,0.8849431818181818,-0.03625016009631071,-0.49532462076128425,1.0,-0.9600365501495918,0.5539036947886091,-0.14618026729289052,0.5505279569042928,-0.40253956635908095,0.035726852585205415,-0.25767443038042787
98,0,84,0.0,84.0,170.0,-0.6796918189660683,-1.0,0.3015624836743752,-0.8420379623277363,-0.039512096409225456,-0.29695163377587275,-1.0,0.6136943207177648,-0.712826198684146,-0.2199089276919911
99,2,52,2.0,52.0,0.7585227272727273,1.0,-0.9418706964262733,-0.08217699391012082,-0.08031524524730393,-0.12422892238672989,0.849529230835925,-0.44107779178098394,0.2981694510895215,0.8134746379860327,-0.05866315658759769
100,0,69,0.0,69.0,0.7144886363636364,1.0,-1.0,0.5340061576067885,-1.0,-0.9120747000939298,0.8600766831210296,0.4757897339829777,-0.9011340488918109,1.0,0.7787662115720215
101,2,59,2.0,59.0,0.8480113636363636,1.0,-0.38645727464787816,0.5921580230484267,0.39733968703483225,-1.0,1.0,0.7072320070933278,-0.10042321091169876,0.7653962190121186,0.5372379993518769
102,1,59,1.0,59.0,0.8480113636363636,0.6197638840531745,-0.8601621940989254,-0.013865272609597162,-0.2790476527608947,-1.0,0.4213411016761455,0.5231019933061833,0.24827936088006677,1.0,0.6872416061882036
103,0,13,0.0,13.0,0.8252840909090909,-0.2367215483173069,-1.0,-0.9603790947433172,-1.0,-0.5822707991567264,-1.0,0.9530815488929996,1.0,0.2962496198345961,-0.6151238312517138
104,3,54,3.0,54.0,0.8494318181818182,1.0,0.6096072518063654,0.5437393314426593,1.0,-0.26891533115817917,0.3258240685516889,-1.0,0.9759391647313006,-0.16173419873885647,0.3886034833497988
105,1,42,1.0,42.0,134.0,-0.14436498415255367,-1.0,-0.4021728311460142,1.0,-1.0,-0.14650189458743754,0.03499202567108514,-0.4213102533690924,0.157374337383892,-0.8124785550367147
106,0,56,0.0,56.0,0.9090909090909091,-0.7980333167120683,-1.0,1.0,-1.0,0.8383161727995533,-0.34136697110228814,-1.0,0.19003854090265082,0.4000601805406754,-0.6346573283332999
107,1,49,1.0,49.0,0.8465909090909091,1.0,-0.9167616140133678,-0.21991407193913853,-0.3896607170555746,-0.37484634196176136,0.47417756157704866,1.0,0.5635042210332148,1.0,0.9360578629518364
108,0,65,0.0,65.0,0.8991477272727273,-0.14055924047320367,-1.0,1.0,-1.0,0.7516532715020443,0.15792895958018432,0.3320818180041137,-0.2243707656025664,0.8665812155361304,0.584182276716835
109,3,59,3.0,59.0,0.8494318181818182,0.6889854857667872,0.7961219188728754,-0.30360401500349055,1.0,-0.40396519859183366,-0.4100605781315604,-0.559180270858032,0.029126069944379385,1.0,0.7483095371741117
110,1,71,1.0,71.0,173.0,-0.6080820058355781,-0.7430567419832699,0.2841917011221239,1.0,-0.24626958181601197,0.04005837313920707,-1.0,1.0,0.6580588484389143,-0.3490738956135225
111,0,49,0.0,49.0,0.8167613636363636,0.5492261242712141,0.9527962236948275,-0.13941281975606074,1.0,0.26532495708830894,-0.6300775017530285,0.03264521002614296,-0.15465650714447787,1.0,0.7739679305025762
112,0,1,0.0,1.0,75.0,0.1352223578523195,0.9424829946697858,-1.0,-0.22925269747640956,0.72566078260765,-0.19706356446695505,0.7035213528195987,-0.1109748808847107,0.5598502635584529,-1.0
113,3,72,3.0,72.0,0.6193181818181818,-0.7233481759063167,0.631930211083215,1.0,0.22466192605748225,1.0,1.0,0.12317906096219008,-0.9838533798236472,0.07933637892872503,0.22253271167454403
114,2,69,2.0,69.0,0.7741477272727273,1.0,0.5117719605827991,0.1579198145259647,1.0,0.7004502945559343,0.2934183261847174,-0.6961364364698571,0.042405832195389515,0.9161932928273383,1.0
115,3,44,3.0,44.0,0.7670454545454546,1.0,-0.0026529111641967473,-0.0003127621749907106,1.0,-0.9975301764152774,-0.9853302542359224,-1.0,0.3578415854195568,1.0,1.0
116,0,46,0.0,46.0,0.8352272727272727,-0.5688134571857681,0.20471033102337444,-0.3779512483535664,-1.0,-0.3583100864265154,-0.6304073825929072,-1.0,-0.1871663480917436,-0.48384646721619623,-0.8039802125797433
117,1,62,1.0,62.0,133.0,-0.38379981787253165,0.5826419517483965,1.0,-0.5672178784796865,0.871886272964902,1.0,0.48197442709684674,0.2821079535118568,-1.0,0.57338231057165
118,3,49,3.0,49.0,0.8295454545454546,1.0,0.44794105640340176,-0.8156256255246601,0.6727474812364371,-1.0,0.1875880101124654,0.20127109033232882,-0.082121586443526,0.5968136214647295,0.4487004519001974
119,4,73,4.0,73.0,0.8210227272727273,-1.0,-0.2906120627580534,-0.40882956223338623,0.3716201442011284,0.3903428038717035,-0.05463443438608062,0.3956034646621519,-0.21849579114443946,-0.3248036597333951,1.0
120,0,95,0.0,95.0,0.6732954545454546,-0.9891602495313119,0.13236431583081854,0.09221122375512464,-1.0,-0.30288719982009615,-0.75548399709518,-0.665443604336579,0.366363197374205,-0.3709574718587032,0.491059808906637
121,0,59,0.0,59.0,0.6306818181818182,0.38609889439469336,-1.0,1.0,-1.0,-0.9981553919083499,1.0,0.49362329987106796,-0.15353477583494424,1.0,1.0
122,0,93,0.0,93.0,0.875,-1.0,0.4070588080935712,0.9872433740647556,0.41363444987874365,-0.48377727749017974,0.04380271221732249,-0.4354355054649914,1.0,-0.645207129003218,0.04911251799884242
123,1,74,1.0,74.0,144.0,-0.38891799025366314,-0.20692568809135617,-0.0620692289917284,-1.0,0.18073636693480544,-0.9814825720749931,-1.0,-0.6370938292604674,-0.6610966951978245,-0.10327094968877415
124,2,58,2.0,58.0,0.8579545454545454,1.0,0.2046025290176834,0.48520357562229244,0.523911352255838,0.5738837100894045,0.6751807704715991,0.3970735580708682,-0.1085482647783586,0.737603044455986,0.5994446904217103
125,1,22,1.0,22.0,117.0,-0.1581961042575764,1.0,-0.07290259983012548,0.3336398008346702,0.8200872233572822,0.407959312678681,0.5707404708309388,-0.9663998078137488,0.2803139346760034,-0.688943752221686
126,0,57,0.0,57.0,0.7784090909090909,0.6169382681523917,-0.382195669315287,-0.7698062337879911,-0.05134304922634239,-0.6070381732623449,0.4506962375524258,1.0,-0.4575106004756805,0.6900687726937471,0.22264959919438293
127,1,11,1.0,11.0,0.7485795454545454,-0.6154083023931536,1.0,0.029938159849074206,-0.3952740431380133,1.0,-0.8002961278672944,0.3938190964691041,0.8681101447007896,1.0,-0.6483889302755568
128,1,73,1.0,73.0,0.8607954545454546,-0.473604945769431,0.30242064490393067,0.20583249469884846,-0.4756749226845972,1.0,0.5912318834651553,0.24567996236202866,0.5962655630705583,-1.0,-0.050504233007437005
129,2,39,2.0,39.0,0.7571022727272727,0.9594898558114586,-1.0,-0.5005022007817844,0.7461108454285088,-0.8008806478691967,0.893941334313582,0.9108247370968223,-0.7671351801449581,1.0,0.418859608261047
130,1,83,1.0,83.0,0.8096590909090909,-0.07918405407306883,-1.0,1.0,0.9368257918088696,-0.24232782040936865,-0.337266291746299,-1.0,0.28203767684376874,0.9869542776844018,-0.48214875731135
131,0,5,0.0,5.0,0.6690340909090909,0.15104825469395328,1.0,0.07412151787380811,-0.8365452141365868,0.46696712988997263,-1.0,-0.21341649220105624,-1.0,-1.0,-1.0
132,3,57,3.0,57.0,0.8338068181818182,1.0,0.9089207485192725,0.34806608487063473,1.0,-1.0,0.10811727288915451,-1.0,0.9026996370347347,0.02177238873516696,0.646201759116415
133,0,20,0.0,20.0,0.07386363636363637,0.41954476922845424,1.0,-1.0,-0.43495824390397064,1.0,-0.9038606670741997,0.27048224653848413,-0.6891223492551397,1.0,0.07860662414918629
134,1,24,1.0,24.0,0.7102272727272727,0.8751689976600905,-0.530370882274633,0.07862548565336291,-0.08405184802719612,-1.0,-0.5443396748979835,0.7229313260150941,-1.0,0.4618140669339851,1.0
135,0,39,0.0,39.0,0.6519886363636364,0.4302779352204984,0.045555941503832575,-0.895322215890016,0.3886494611583863,-1.0,0.2908418622893217,1.0,-0.26675657629860056,-0.015220451412207625,0.6043849679628222
136,2,25,2.0,25.0,0.6946022727272727,0.5700548148816761,-0.7552361201939778,-0.3608207859653354,-1.0,-0.4712055350820541,-0.11602665561272663,0.698030358983088,-0.7161102349826447,0.31604940865907716,0.7262116602950377
137,2,34,2.0,34.0,0.7301136363636364,0.6975695786016665,0.6556671054870296,-0.7114826827920162,1.0,0.34774115472252753,-0.5440573527000624,0.05701876015757494,-1.0,0.7255505819555319,-0.18427042030747107
138,0,91,0.0,91.0,0.6051136363636364,-1.0,-0.6569645138190597,-0.3012197486111363,-0.3507098164163508,0.9734676375173502,0.13067945083469218,-0.6919757629802739,-0.85408489959599,0.31156069591679203,0.5918641758944911
139,3,55,3.0,55.0,0.8863636363636364,1.0,0.3429704280900435,0.03862978284045665,1.0,-1.0,0.5691957866539165,-1.0,-0.30052176173508643,0.7228001811105838,0.07870384178237333
140,2,83,2.0,83.0,0.7855113636363636,-0.8801859965407641,-0.5262094962237919,-0.010974026891288458,-1.0,0.06481147368988527,0.5739904400650653,0.08987184763035813,-1.0,-0.5573226777299398,1.0
141,3,73,3.0,73.0,0.8196022727272727,-0.621186287994792,0.1919006920730021,0.015440554722996769,-0.0360481147565834,0.9914088413104944,0.6503360071724553,0.3372293775816995,-0.7562773571233243,-0.7574208429455007,1.0
142,3,83,3.0,83.0,0.7414772727272727,-1.0,0.18158327712572675,0.3285239759991414,-0.2908529847372527,0.3204283120941219,0.9341919374771201,-0.1066126894000187,-1.0,-1.0,1.0
143,1,37,1.0,37.0,0.7741477272727273,1.0,-0.4764866011531361,-1.0,0.876928453917276,-1.0,-0.5729617298315439,0.5026833838440499,0.9139022848897207,0.8076122305524266,1.0
144,1,25,1.0,25.0,0.6875,0.5596653402296405,-0.7010240518366386,-0.34740359606091675,0.6996420191408846,-1.0,-0.3251481110154256,0.5922804969398512,-1.0,0.6433344253095361,0.22639329242873127
145,0,3,0.0,3.0,0.7940340909090909,0.4950755263468918,0.10448804749659878,0.24271116495225864,-0.6911590622059182,-0.14907928448114371,-1.0,0.7140811360579309,-0.9207238246958247,0.7574659568253055,-1.0
146,0,94,0.0,94.0,0.8068181818181818,0.2306897189690319,0.5970133951337984,-0.0715145041091686,-1.0,-0.3333114962700232,-1.0,-1.0,-1.0,-0.7276047615908758,0.4837455366417647
147,2,43,2.0,43.0,0.8821022727272727,-1.0,0.7099688814898045,-1.0,-0.12790332957626538,1.0,-0.732291048361382,0.17684949082646562,-0.007814880420827619,1.0,-0.5377183484863489
148,2,49,2.0,49.0,0.8409090909090909,0.3604742845000066,-0.48092192887571605,-0.21999514099187878,-0.18524077161231933,-0.9996216068204212,-0.03034262386630504,0.34623681146425966,-1.0,1.0,0.12277681269789087
149,0,75,0.0,75.0,0.7940340909090909,-1.0,0.38948851580528154,1.0,-1.0,0.27669934068892577,0.5017197150666763,-0.6183284385724004,0.6313331207962609,-1.0,0.18405658602198
150,3,69,3.0,69.0,0.8522727272727273,1.0,0.8045423299253953,-0.8365647873817412,1.0,0.2722015340221269,0.07077176670334007,-0.4130613661324614,1.0,0.5772712625725188,0.8016331760071007
151,3,35,3.0,35.0,0.6875,1.0,-1.0,-1.0,0.15106055305504995,-0.4797031723445271,-0.13598948919555942,0.9777030616830799,-1.0,1.0,0.8139143989649761
152,0,36,0.0,36.0,0.8551136363636364,0.26614603144237925,0.9326418802748452,0.984453021892456,-1.0,0.23899998246319787,-1.0,-0.9776729006599937,-1.0,-0.1561432356517759,0.15148897573274778
153,2,37,2.0,37.0,0.7926136363636364,0.9074490843619678,0.7610612723186692,-0.12816495641497994,0.8293433697823218,0.8599112885112654,-0.35937460060771076,0.31013017933756715,-0.16902894529341697,0.5515612970027559,0.9027671405066872
154,1,66,1.0,66.0,0.8380681818181818,1.0,1.0,-0.14050264513499322,1.0,-0.7123417918132694,0.11758287736250883,-1.0,0.06370520138764799,-0.13007011602784663,0.08986447215196494
155,1,1,1.0,1.0,127.0,0.11800027211350117,0.6805496677252657,-1.0,-1.0,1.0,-0.58404290679784,0.6666706936826722,0.02311130440296333,0.8317819653472944,-0.459136723289258
156,0,26,0.0,26.0,0.8806818181818182,0.1764779825961974,-0.48150256530311475,0.5310766543901604,-0.02594096069671581,0.9958685303020652,0.7312928701657468,0.28872746174245223,1.0,-0.39154096141771455,-0.28458687048090714
157,3,52,3.0,52.0,0.8224431818181818,0.39631699674669807,-1.0,1.0,0.46119199427348345,-1.0,0.596027121997008,-0.35378899033679223,-0.6054441951973853,0.9929276533825571,-0.13475811979748112
158,2,75,2.0,75.0,0.6704545454545454,-1.0,-0.7870962245336398,-0.7236887802137946,-0.1496659449100115,0.7780762403438309,0.6461044382330527,0.161969594430569,0.705880861566818,0.49945348183948646,0.9826696196869998
159,2,24,2.0,24.0,0.6960227272727273,1.0,-0.6566143893301299,1.0,0.7104458869422134,-1.0,0.3901391101751167,1.0,-0.710438055547241,0.30169092828612104,0.9396815745836544
160,3,63,3.0,63.0,0.8053977272727273,-1.0,-0.5278522723906055,-0.7718211651316051,0.8411480216176437,0.6950762064616467,-0.692635960998967,0.06316611961462809,0.6016243094242673,0.3631184222565248,1.0
161,3,64,3.0,64.0,0.8011363636363636,1.0,-0.5019671843892457,-0.058435697317228474,0.8736816225616152,-0.3746275520251491,0.07686255111460316,-1.0,-0.10312992304907659,1.0,0.2357079297782348
162,2,36,2.0,36.0,0.7571022727272727,0.8951483525482259,0.09457241835016225,-0.9375448444337926,1.0,-1.0,0.12896428760573314,0.28603339240684766,-1.0,-0.09729548722424841,-0.20079154038024344
163,2,38,2.0,38.0,0.5951704545454546,0.9494849269427802,-1.0,-1.0,-0.1571282314674246,-0.4383802093550813,0.39910998732924774,1.0,-1.0,0.8765835412544664,0.9766077751852894
164,2,74,2.0,74.0,0.7045454545454546,-1.0,-0.24508495493235538,-0.2512908506832576,-0.5061788535662732,-0.23704675262521774,0.35682501477363227,0.04507246244067567,-0.3019595503124087,0.01580227374863008,0.7923805202178591
165,2,72,2.0,72.0,0.7485795454545454,-1.0,-0.22590516336437816,-0.25162508890180135,0.5872735832789915,0.4294450317657075,1.0,0.811528321972958,0.3010610044108896,-0.4362390042692248,0.6008162206877363
166,1,47,1.0,47.0,0.8139204545454546,0.6109737676928956,0.160181196547714,-0.2669238969145138,1.0,0.4555628031324527,0.21626562288573747,-0.05386935655715852,-0.8113347319461884,1.0,-0.282758355541803
167,2,48,2.0,48.0,0.8338068181818182,1.0,1.0,-1.0,0.9084648851258785,-0.6297439343598644,-0.7155493832025377,-0.47102132619732157,-0.5147491660184286,1.0,0.5915904472925354
168,2,67,2.0,67.0,0.8125,1.0,0.31739769771487425,0.8151048156917868,1.0,-1.0,1.0,-1.0,0.7331417341412025,-0.2841994698441778,0.7636388409445365
169,1,38,1.0,38.0,0.7428977272727273,0.7934343200992986,-0.5398900345695047,-0.31064020389558933,1.0,-1.0,1.0,0.7243859009874761,-0.23099544475204095,-0.008964873251106509,0.2724260332585837
170,0,47,0.0,47.0,0.8167613636363636,0.887672651225229,1.0,0.00017924756731496627,0.827982150097355,-0.32503667415506154,-1.0,-0.609643740623773,0.48223807967884597,0.7430834473303412,0.7044866275072631
171,1,26,1.0,26.0,0.6335227272727273,0.9119794626092883,0.20437404354927868,-1.0,0.35438078783213894,-1.0,0.16217947884920228,0.6730954724542918,-0.49748856797455565,-0.549609472200331,0.8827461069106839
172,4,59,4.0,59.0,0.7585227272727273,1.0,1.0,-0.23169246198199306,0.7597173986231961,-1.0,-0.021664612262565164,0.17157521819087607,0.4552315542322159,0.36923811377010074,1.0
173,0,37,0.0,37.0,0.7116477272727273,0.36979961122117433,0.37779857961400765,0.3863824128696539,-1.0,1.0,0.04794193169877212,-0.7370755763469272,-0.24644057786665732,-0.7902468594926328,-1.0
174,1,3,1.0,3.0,0.7528409090909091,0.17290228815289854,1.0,0.34846363854637524,-0.7371171046145343,-0.5785681198278914,-0.09684612902062628,0.1480985572448903,-0.5249910013175803,-1.0,-1.0
175,2,45,2.0,45.0,0.75,1.0,0.7168098916580934,-0.9004936417168097,1.0,-0.4504221790724191,-0.3704199816900604,-0.17833614652424,-0.41027897972527216,-0.15854663211365028,0.3001769263269487
176,3,43,3.0,43.0,0.6747159090909091,1.0,-0.2231657136016273,-1.0,-1.0,0.7651300374660719,0.885446685078118,0.6166350865577988,-0.32184655434008624,-0.9703912675619984,0.2348706976785297
177,0,40,0.0,40.0,117.0,-0.9047618086427867,-0.631338279864696,-1.0,-0.3786193256080574,1.0,-0.9183192667513184,0.9192248162272995,0.688222419573692,-0.4962903904089661,-0.33087992840428376
178,1,48,1.0,48.0,0.828125,0.8878080318500644,0.13170884075133182,-0.22433470686343204,0.47300557956813777,-1.0,-0.28685538761446816,0.6201353039940083,0.8173938735736136,0.9070483326606028,0.8791893185334304
179,1,94,1.0,94.0,0.5710227272727273,-0.6453707347514029,-0.11867176962402315,1.0,-1.0,0.7907425858031967,-0.368999962311576,-1.0,-1.0,-1.0,0.6572640318499241
180,3,36,3.0,36.0,0.7627840909090909,0.8428744608704369,0.3394739205304359,-0.6817502588248867,0.9275368696559625,-1.0,-0.351440308717541,0.04558203482134915,-1.0,0.203371089565067,0.09365011215298624
181,2,73,2.0,73.0,0.7642045454545454,-1.0,-0.4469923368399962,-1.0,-0.7166598248940876,-0.19937288094752625,1.0,0.7411208910524791,0.11581955195002175,-0.5757497988354329,1.0
182,1,28,1.0,28.0,0.6633522727272727,0.7863726918768356,0.3817962361500537,-1.0,1.0,-0.20495472500096165,-0.6014542092547525,0.49808803517601774,-0.8888902052791592,0.8847867807569094,1.0
183,0,58,0.0,58.0,0.8053977272727273,0.9432255220777676,-0.10300916381505248,-0.6099316461784089,0.32052687049783335,-0.7143751910949511,0.1534377692787114,0.9638807668748526,0.7081394715369524,1.0,0.7314019573588946
184,2,41,2.0,41.0,0.5269886363636364,-1.0,0.3654750592368199,-0.4254666511465007,-0.3169342994699965,0.6171513080316353,0.512441057693116,1.0,-0.35424721253102365,0.3984806822334317,-0.7167351719671109
185,3,75,3.0,75.0,0.6448863636363636,-1.0,0.5511037265467993,-0.7532521403213903,0.9585682198656766,0.9541732872869858,0.6157068795016576,-0.5013067444528057,-0.5856803184633252,0.19094287441671437,0.7773267486644609
186,1,67,1.0,67.0,0.8252840909090909,1.0,-0.7098836431705318,-1.0,0.4327681157532661,-0.13212041761219306,0.9497161437741752,-0.4707812827104113,-0.43802532950958395,1.0,0.2389835652004138
187,0,86,0.0,86.0,0.7713068181818182,-1.0,0.2782811965890447,1.0,-0.1683126525782212,0.9390333080669471,0.2681878970888932,-0.6509649699821247,1.0,-0.8782795287513249,0.15480547199310668
188,3,37,3.0,37.0,0.7684659090909091,1.0,-0.1920850758483926,-0.2844541905083214,1.0,0.8350560969844085,0.8729423813124214,0.7561382008853392,-0.7785274373605333,0.5428117074266439,0.07451067366270547
189,0,48,0.0,48.0,0.8068181818181818,1.0,-0.07499655212866152,-1.0,-1.0,0.4625979316266844,0.5915294627119303,1.0,-0.6662440307816928,-0.4307025388850878,0.5069594709203036
190,3,45,3.0,45.0,0.7869318181818182,0.6056014433899695,0.11608307227204295,0.018665633358452838,0.7551878714024471,1.0,0.06613090743975558,-0.3130784793206969,-1.0,1.0,0.18667557916319988
191,2,81,2.0,81.0,0.6321022727272727,-0.7003405800796948,-0.8369894770625211,-0.3212026720504514,-1.0,1.0,0.933383724180122,0.21784299635146273,-0.6660992022075971,-1.0,0.9334930828083469
192,1,2,1.0,2.0,0.7627840909090909,0.07292562107696907,0.21399127026487397,-1.0,-0.4788039352162301,1.0,-0.2809644016858945,0.8339631790148064,-0.7250619446127449,0.45609500253712526,-1.0
193,3,82,3.0,82.0,0.7869318181818182,-0.828827289959917,-1.0,1.0,-0.29352632730008066,1.0,1.0,0.22191912622108145,-1.0,-0.04945453406100095,1.0
194,2,84,2.0,84.0,0.7642045454545454,-0.5935744323307528,-1.0,0.14357597704706165,0.3031336000685153,1.0,0.7771807626263181,-0.7059493856885649,-1.0,-0.09856013391238255,-0.5040026275614232
195,4,55,4.0,55.0,0.8238636363636364,1.0,-0.16609803482025715,-0.41000878797060136,0.9997614581335958,-0.9036291313830127,-0.09291010609812214,-0.9858015462098122,1.0,0.8025365574627892,0.3615331879135415
196,3,47,3.0,47.0,0.7926136363636364,1.0,-0.17819561990931257,-0.07010363522811525,1.0,-1.0,-0.7015287929707872,0.1231509451442408,1.0,1.0,1.0
197,2,61,2.0,61.0,0.8139204545454546,-1.0,0.21108710971757605,-0.5965065672140712,-0.4160292400458865,0.536860613219535,-0.06921863935295541,0.26567724806338094,-1.0,1.0,0.4301412666850921
198,3,48,3.0,48.0,0.8011363636363636,1.0,-0.7557603832045412,-1.0,0.07110924940609481,-1.0,0.29867200539314137,0.7731673537049194,-0.10740020681656665,0.6432182324329658,0.31060948287640167
199,1,39,1.0,39.0,0.765625,0.9759186631356981,0.005973948586457722,-1.0,0.737100752581184,-0.48428855548617367,-0.13187588492080282,1.0,-0.5633750323265071,1.0,1.0
200,0,4,0.0,4.0,0.7954545454545454,0.23770978958897693,1.0,-0.072733491368776,-1.0,-0.3948484307662437,-0.8042551255028809,0.4722177976343282,-0.5077891372867551,-1.0,-0.8860579618829721
201,2,71,2.0,71.0,0.7769886363636364,-1.0,-0.7367440839817563,-0.9997598307035035,-0.20834152386057292,0.48589433825320427,0.7044706077127513,1.0,-0.008541502096501147,0.7294759933298963,0.23754260625312246
202,4,75,4.0,75.0,0.6264204545454546,-1.0,0.0910000713865701,-1.0,0.25578866108829534,0.6276651896382743,0.40674510978169365,-0.12171380584671679,-0.3967542841905036,0.033052769332453685,1.0
203,2,62,2.0,62.0,0.7784090909090909,-0.4834935839627609,0.16536736617436404,-1.0,-0.2249840038510431,1.0,0.19450530361092433,0.5157917947290037,-0.06375605086913472,0.28954743960275253,0.05515185718739746
204,3,58,3.0,58.0,0.8508522727272727,1.0,-0.4120574861842835,-0.5448132760860436,-1.0,-0.35940275493703006,1.0,0.6157926157610925,-0.698786096831481,-0.31178346026244574,0.5426458791107022
205,2,22,2.0,22.0,0.5539772727272727,-0.1997201926668522,-0.9907040081744236,-1.0,-0.9256936655446366,-0.432979736644026,-0.8479904096869161,1.0,0.8753038675631604,0.019571841168879944,0.10121153176220288
206,2,23,2.0,23.0,0.7556818181818182,1.0,0.13357089733746463,-0.1563930984007214,0.5210311269557562,-0.46512135723891956,0.36110735838972036,1.0,-1.0,-1.0,-0.961544277869003
207,1,15,1.0,15.0,0.4133522727272727,-0.11785556751219116,-0.5941631315377915,-0.9375265423861376,-1.0,-0.8378205093988715,-1.0,0.4177935869122251,0.47384407974320975,0.539398670376025,-0.7417255390982566
208,0,38,0.0,38.0,0.5994318181818182,0.8020307403690298,-0.5082916036898519,-0.9736890318630413,0.8178355209263309,0.11041695652047706,0.8113469625998295,0.5840824926949827,-0.38274048716092274,0.557205634526001,0.7127124681012145
209,4,63,4.0,63.0,0.7855113636363636,-0.9154667414693364,-0.06891530988208627,-0.6920769343036367,0.2827910784745469,-0.47360781873551633,-0.06044446180416807,-0.02861896731675473,-0.8563703752570232,-1.0,0.5609821492186249
210,2,47,2.0,47.0,0.8053977272727273,1.0,-0.38672136241223687,-1.0,-1.0,-1.0,1.0,0.9095781193530377,-0.8120322372739918,-1.0,-0.007765835313240488
211,3,34,3.0,34.0,0.6732954545454546,1.0,-1.0,-0.1009281888376044,0.528972360035985,0.2999460616320747,0.45420147317347026,0.3370908178629909,-0.9443083925292891,0.7676275893514076,0.334236695432361
212,3,62,3.0,62.0,0.6946022727272727,-1.0,0.860314798062147,-0.4948117932813506,-1.0,0.16208138999133004,1.0,0.6674328255475913,-0.30874355217931704,-0.8980737900078688,0.5440046280049768
213,1,58,1.0,58.0,0.8196022727272727,1.0,-0.8076633468726784,0.11136639860538879,-0.8754646758305231,-1.0,0.6604903956422968,0.29819762309849995,-0.6967295876990874,0.617693655616981,0.6350393381121073
214,2,32,2.0,32.0,0.7215909090909091,-0.11909365426882343,-0.15999892605666577,0.3408143549354693,1.0,-0.7523735809358973,-0.15642715423667278,0.9575631910757499,-1.0,0.8460777490587046,0.13938980351022112
215,4,64,4.0,64.0,0.5894886363636364,-1.0,-0.27161438841727004,-0.3828250725684166,-0.014387076971267954,0.06404920134326622,0.18708753492621666,-0.19496370973909916,-0.6338216310966069,0.9265825363625231,1.0
216,2,93,2.0,93.0,0.7414772727272727,-1.0,-0.7632808438921936,-0.3233053233661336,0.3579804756998357,0.8886731129129424,0.0017364300967659951,-0.04153149776602749,-0.24196424711483666,1.0,0.5563798863355782
217,0,68,0.0,68.0,0.6875,1.0,1.0,1.0,0.5559143227924287,-1.0,0.1231350538044031,-0.6464176520189292,1.0,0.09571756843365253,1.0
218,2,35,2.0,35.0,0.7244318181818182,1.0,0.03975594963812157,-0.21450938034512024,1.0,-0.2730229983628024,-0.399276336984821,0.417903917350698,0.10227835882492053,0.7410267475391576,0.2539328369262235
219,4,53,4.0,53.0,0.8252840909090909,0.9441456221627395,0.35158649296009403,-0.5060373807916076,1.0,-0.5469412538867847,-0.5334090956289946,-1.0,1.0,0.2707498639634942,0.3722510429646984
220,5,62,5.0,62.0,0.5440340909090909,-1.0,1.0,-0.48172755929994077,0.09405605273007278,1.0,1.0,0.401716780101541,1.0,-0.3886663676226561,1.0
221,3,46,3.0,46.0,0.7855113636363636,1.0,0.5708277109564797,1.0,-0.5399560409723151,-1.0,0.18038308980337853,0.015340995547188152,-0.5023307874417515,-0.8630932418343865,1.0
222,2,66,2.0,66.0,0.8579545454545454,0.8698697682935665,-0.5814706437313468,-1.0,0.46164688763394246,-0.9332698995290964,1.0,-0.1786980109990583,-0.9315135067792424,0.4163221167130071,-0.6130324024503035
223,4,35,4.0,35.0,0.5497159090909091,1.0,0.13622297319942317,-0.8453820818013278,1.0,-0.18655944425689855,-1.0,0.2525320404399016,-0.17278720642138568,0.7498235768211332,1.0
224,5,73,5.0,73.0,0.8167613636363636,-1.0,-1.0,-0.49623886900143177,0.2797573879686144,0.7232226703022162,0.7484857810722064,0.7717323086658033,-0.22663300284131518,-0.7575811387994605,1.0
225,0,6,0.0,6.0,0.6349431818181818,-0.01004481951759334,0.9973283311978043,1.0,-0.627662445923846,0.6555695154791092,-0.5964347757462325,-0.04309309136778672,-0.4765950713937751,-1.0,-1.0
226,2,92,2.0,92.0,0.7571022727272727,-0.9719313534745527,0.04045712911426086,-1.0,-0.099024843384744,0.5869062863708802,-0.12619937848490084,-0.24179865959614016,-0.30702282793692837,-0.38501462301298706,0.3650708665296446
227,3,67,3.0,67.0,0.8011363636363636,0.9591266249573263,-0.4004695546628274,0.5493504844777838,0.5570576797895985,-0.3738468680584701,0.9937912236321366,-0.35041739952770723,-0.7292294825518906,0.7604941264028502,0.3636996133663161
228,4,54,4.0,54.0,0.7897727272727273,0.8323460715442519,-0.13725708007193305,1.0,1.0,0.12882024124990882,1.0,-0.3258923006992678,0.41149538982141654,-0.14253130542963577,0.300993760948252
229,4,83,4.0,83.0,0.7173295454545454,-1.0,0.38758292527789595,-0.62809535610263,0.11324575826127935,1.0,0.031444275797529314,-0.1504391551910228,-0.7316735853093057,-0.3676519015002522,1.0
230,2,68,2.0,68.0,0.8139204545454546,1.0,0.37875273694869016,0.8452380845303458,0.7240400915399693,-0.8067892749114491,1.0,-0.8080279007732862,-0.6019580302729225,0.5981980067713364,0.3935740324098985
231,3,84,3.0,84.0,0.7286931818181818,-1.0,-0.5516216621124304,-0.9105203380840754,-0.11218162090734185,0.8358294736749965,0.4471627698130313,0.2598311614948674,0.23095064429095802,-0.17542547923555885,1.0
232,3,25,3.0,25.0,0.6860795454545454,1.0,0.6344197635545094,-0.5430406174935074,1.0,-0.22765404642983855,-1.0,0.23437536667555517,-0.5084751307627343,0.31176213286590093,1.0
233,0,16,0.0,16.0,0.7272727272727273,-0.229308307710145,-0.21698365931120286,0.4266764120798288,-1.0,1.0,-1.0,0.26330800751278405,-0.13373830436879452,-0.1860415451450259,-1.0
234,3,24,3.0,24.0,0.5284090909090909,0.7212677681719138,0.04174316196795487,-0.031729312688417916,1.0,-0.5369313001582252,0.2016215910120982,0.3292324190008378,-0.3453647465202117,-0.30167490403529684,0.30197528300380583
235,4,74,4.0,74.0,0.7329545454545454,-0.8868326272543974,-0.4920538973023446,-1.0,-0.04807729537214034,-0.09977323997995119,0.10634686735151894,0.13597678785993833,0.1498735485564902,0.06831450867140687,0.569415951892753
236,3,38,3.0,38.0,0.7954545454545454,1.0,-0.33546717199820103,-0.6025173457354107,1.0,0.22919895374402455,0.77005078190381,1.0,0.2264744736255874,0.3334703753543819,0.33921338292467274
237,5,63,5.0,63.0,0.6931818181818182,-0.5043666004856557,-0.21080091197301953,-1.0,-0.058447795692580906,0.8597587510308157,-0.5831928318884415,0.17345810793547217,-0.5377214348350468,1.0,1.0
238,1,70,1.0,70.0,59.0,-0.7876402787460729,-0.6967984770064588,1.0,1.0,0.8053802374711414,-1.0,-1.0,0.2145755965061623,-0.8385060202619514,0.10091370626231404
239,1,85,1.0,85.0,0.7088068181818182,-1.0,-0.08835213206129777,-1.0,0.5815307854677898,0.4890679341442864,-0.27071299041722735,-0.6426837372134468,1.0,0.265570446463289,0.6734732865888842
240,4,62,4.0,62.0,0.6321022727272727,-1.0,0.3907463666396802,-0.9227078727086949,-0.6551635779753991,-0.2754569412622596,-0.09282578810471365,0.2618724530092865,-0.144873673048108,0.6147284961115791,1.0
241,4,85,4.0,85.0,0.6392045454545454,-1.0,-0.7392739282682113,-1.0,-0.8496019352271416,-0.16427164572844694,1.0,0.23638374354488267,-0.5652937183532227,-0.6424892257369461,0.8496850201732703
242,1,92,1.0,92.0,0.7613636363636364,-1.0,-0.46616596584964753,0.5242163902148004,-0.7663789271314609,0.48918107427033486,1.0,-0.0884140605836162,-1.0,-0.8991704891758898,0.835217564444729
243,5,74,5.0,74.0,0.6491477272727273,-1.0,0.43057893124142255,-1.0,0.8761526362036616,1.0,-0.5807765237078856,-0.5884346631986664,1.0,0.15118266125357216,1.0
244,1,75,1.0,75.0,0.8096590909090909,-1.0,0.7552696892531282,0.4628817349450175,-0.6868429658099253,1.0,-0.14160580472535264,-0.4322070078362955,1.0,-1.0,0.10393719542377411
245,3,71,3.0,71.0,0.5355113636363636,-1.0,-1.0,1.0,-0.1876063786091438,0.8404938700621916,0.3576169589379453,-0.8734367650589938,-1.0,-0.6263776555871217,0.5306663007375428
246,2,26,2.0,26.0,0.6732954545454546,1.0,-1.0,0.14589525716438578,0.15717968416514141,-1.0,-0.025594107812742795,0.8569085257605161,-0.3241273812893381,0.627477360847682,0.8748540829417034
247,2,85,2.0,85.0,0.7073863636363636,-1.0,0.2504581522557391,0.24228429225099424,0.04062482382115784,-0.026128677508335807,0.9777778354188692,-0.6244879690721797,-0.28792385733230175,-1.0,1.0
248,7,63,7.0,63.0,0.1903409090909091,-0.9554540647009092,0.734881508885377,-1.0,1.0,1.0,-0.32257414088249314,-0.1265906551089051,0.46970168877238594,-1.0,1.0
249,1,4,1.0,4.0,0.7443181818181818,-0.20681353580327905,-0.7871376393955447,-0.5514096657273925,-1.0,-1.0,-1.0,0.6329946045636656,0.08198469808398687,1.0,-1.0
250,4,46,4.0,46.0,0.4602272727272727,0.748455117470725,-0.20538354603922604,-1.0,1.0,0.2271090460555893,-0.10550406379595223,-0.28590148881513533,-1.0,1.0,-0.004468980766797581
251,5,83,5.0,83.0,0.6974431818181818,-1.0,-0.17238391579637496,-0.3997400797055461,0.03447370063842159,0.2594726390396407,0.5406581858204687,-0.2791701393942939,-0.8764971002919141,-0.502538889959273,0.7488211088321637
252,2,12,2.0,12.0,0.7698863636363636,-0.5176340738189795,-1.0,-0.7277737779334172,0.43614140442423444,-0.998872247068197,-1.0,1.0,0.6430418927436087,1.0,-1.0
253,3,61,3.0,61.0,0.6931818181818182,-1.0,-0.1503642088886814,-1.0,-0.6444504399766423,0.024663616114146775,0.7532518641788968,0.938787304058256,-0.43728168926875516,-0.04060120977813343,0.3075478658584389
254,1,93,1.0,93.0,0.7485795454545454,-1.0,-0.3330521493562034,-0.4760110483461198,-0.08273993254891057,0.6993052330659049,0.8089466064843678,-0.13537597760595832,-1.0,-0.352567704573713,0.1684204441512387
255,4,84,4.0,84.0,0.7599431818181818,-1.0,-0.14124982935477295,-1.0,-0.028601649644598215,0.7582183260154898,1.0,0.05929845605348086,-0.9739127960979684,-0.4665369009474106,0.9023233476455306
256,4,49,4.0,49.0,0.7869318181818182,1.0,-0.062098022762271325,-0.40050935899211093,1.0,-0.5668198582096408,-0.3978315695162591,0.462274957997453,1.0,1.0,1.0
257,4,82,4.0,82.0,0.7670454545454546,-0.9501132618655123,0.7035943344865725,-0.9877368925657874,0.3670783182281689,0.7212302493247258,-0.7092314545423033,-0.5018715133464557,0.5300400541181873,-1.0,0.7962878092788973
258,3,85,3.0,85.0,0.6221590909090909,-1.0,-0.8960035607911883,-0.49976277892187077,0.0007482229760470555,0.6677597268567488,0.3063896632160766,-0.1904141000806827,-0.03142104988229677,0.8890725133859756,1.0
259,4,58,4.0,58.0,0.16193181818181818,0.29812672956709874,0.609397976078061,-1.0,1.0,1.0,1.0,-0.12085710521457593,-0.427865777683704,0.7739537974595819,1.0
260,1,80,1.0,80.0,51.0,0.1743495955750699,1.0,-0.8526063736587582,-0.022020523358071503,1.0,-0.2708527743902459,-0.3417655348967462,-0.9509471833814935,-1.0,-0.14313514162753882
261,4,45,4.0,45.0,0.7698863636363636,0.9170757281488269,-0.31432711905167643,-0.623141755961439,1.0,-0.9233504481503598,-1.0,-0.8117431840866471,1.0,1.0,1.0
262,4,72,4.0,72.0,0.8153409090909091,-1.0,0.21499539075750884,-1.0,0.25216197525641737,0.8434495017923695,-0.03757372945894211,0.3747282889018587,0.766475012207418,-1.0,1.0
263,5,54,5.0,54.0,0.7755681818181818,0.6646044601831782,0.6164946982282393,-1.0,1.0,-0.9168259494024137,-0.46086360892623957,-0.9982801268301098,-0.16851690620026183,-0.2585263553131377,-0.24790755746737578
264,1,27,1.0,27.0,0.6647727272727273,0.7099310613679323,-0.7508038136390893,-0.1546511118393924,0.483828973643954,-1.0,0.09600628769737704,0.629942715936692,-1.0,1.0,1.0
265,3,66,3.0,66.0,0.8082386363636364,1.0,1.0,0.5711989848724254,1.0,-0.84064367384384,0.5867071357939239,-1.0,0.7501778859301004,-0.6273479258592037,0.6520334733507237
266,4,44,4.0,44.0,0.7571022727272727,1.0,-0.36949978814310774,-0.8132953936256179,-1.0,-0.49259918375961576,0.33459756867472346,0.2516254496050262,-0.9438780619059721,-0.5140976397394582,0.42269399189968515
267,4,68,4.0,68.0,0.828125,1.0,-0.015170222998724836,0.9360829788203915,1.0,-0.3385873556160807,1.0,-0.5382943150772201,0.33475891894211807,0.8756079746484009,0.6909985363060249
268,1,40,1.0,40.0,69.0,-0.5226295505398103,0.004751221426571389,0.25177544277144465,-0.10963507869172218,-0.1756522239107337,-0.6354498540205864,0.03820020513305633,-0.4831074157312022,0.12664210228735684,-0.07680740963234353
269,4,48,4.0,48.0,0.4971590909090909,0.19630786305573622,0.8300835057216014,-0.44345777080123916,0.7598815249775622,-0.48968836566313445,1.0,-0.5773706162459208,0.5169816044059288,-0.7576670420807009,1.0
270,4,36,4.0,36.0,0.7073863636363636,1.0,-0.3772246991923369,0.18353151174767213,0.7624604288470878,-0.7691999725949927,-0.2182131185513925,0.6228649164980954,-0.6741531534445879,1.0,1.0
271,3,81,3.0,81.0,0.23011363636363635,-0.8690751603084952,-0.7383155667513654,1.0,0.267228053822372,0.7499548988629485,1.0,-0.16421563655363208,-1.0,-0.3300664957295183,0.47721067858836397
272,2,21,2.0,21.0,0.6747159090909091,-0.7215172801237991,1.0,-0.3723183638651777,-1.0,1.0,-0.5556962664981859,0.8059105131694279,1.0,0.837285314676076,-0.6115812769154396
273,5,64,5.0,64.0,0.4446022727272727,-1.0,-0.5731093205715155,-0.07722771262696693,0.3778818106968474,0.6667724306924925,0.64680674383805,0.5102209396625678,-0.25637222576584157,-0.7371845381817188,1.0
274,1,10,1.0,10.0,0.26420454545454547,-0.6769759265702904,-0.5145352382658742,-0.8769054938693648,-1.0,-1.0,-0.8443765432403607,1.0,-0.11862892593971941,1.0,-1.0
275,5,84,5.0,84.0,0.6519886363636364,-0.9785382905191539,-0.014850989098958822,-0.7114522057265186,-0.3790075832372134,-0.11906079080383566,0.5677886235421538,-0.13715655910778873,-0.22538959250977877,-1.0,1.0
276,1,5,1.0,5.0,0.7301136363636364,0.23501937723746494,0.6326252421673302,-0.9924261764185972,-0.4998923383202531,0.6201239225657144,-1.0,0.27984838420080393,-0.8428558829242525,0.43060937292677715,-1.0
277,4,52,4.0,52.0,0.5795454545454546,1.0,-0.5310149522577027,-0.21774691211053343,1.0,-0.9837846497742895,-1.0,-1.0,1.0,0.5666154640380766,0.8998280867295105
278,2,11,2.0,11.0,0.29545454545454547,-0.8760599038204904,0.7906096829032169,0.13972847970550778,-0.7198374505676425,-1.0,-1.0,0.6145253258745537,0.20789437924790896,0.7525433045362794,-1.0
279,4,65,4.0,65.0,0.7940340909090909,1.0,0.10674288027775858,0.3576516348218888,1.0,0.33609936021064235,0.020121445618281747,-0.8965141512889055,0.6392461253183972,0.2721643634648919,0.6531903196344502
280,3,93,3.0,93.0,0.6321022727272727,-1.0,-0.3309941624733307,-0.19280690003498233,-0.5970628093138455,0.24299838954326247,0.7429989384962177,-0.2748150542593649,-0.27523486056401814,-1.0,0.7788602231795895
281,4,69,4.0,69.0,0.78125,1.0,1.0,-0.10932797921923992,0.7397259868207329,-1.0,0.2542231852902154,-1.0,0.5449746183166297,0.10305940648320658,1.0
282,0,10,0.0,10.0,0.6363636363636364,-0.6185612797232225,1.0,-0.06173643651274405,0.577244794367916,0.12079286347448101,-0.960808838597444,0.29088003191697,0.5584753045878365,0.5927085866451203,-1.0
283,5,82,5.0,82.0,0.42045454545454547,-0.983337691146625,-0.12470873222364437,-0.7583403175021515,0.2567905651925471,0.7733486049443884,0.5691429674068993,0.09223278449569078,-0.01829326535690423,-1.0,0.5502319285581656
284,2,13,2.0,13.0,0.16477272727272727,0.4559229593523027,0.025315296522580494,-0.7993407522603088,-0.5609355928918066,1.0,-0.7425675967403998,1.0,0.17896717323092914,0.14743433299038056,-0.15837589177382005
285,4,37,4.0,37.0,0.019886363636363636,1.0,-1.0,-0.14668472504664765,0.1122184378302381,-1.0,0.08557863762960732,1.0,0.30627165663088635,0.7460029077533394,1.0
286,0,30,0.0,30.0,0.8096590909090909,-1.0,0.03791411292087454,1.0,-0.2223207036766245,0.711514334525716,-0.771606681417643,0.7765796346676208,-0.17645179204771166,-0.49127707692968964,-0.22183428810800568
287,1,50,1.0,50.0,95.0,-1.0,-1.0,-1.0,-1.0,0.7087093532137653,-1.0,0.8718031767967033,0.04493102977972638,-0.1495695668371402,-0.08392102413550995
288,0,0,0.0,0.0,0.24005681818181818,0.36233331427888565,0.5929154537010433,-1.0,-0.6409856473711992,1.0,-0.5444992349590227,0.8778437980065104,-0.26579170572671407,0.9868319464843606,-0.47665426921951326
289,1,76,1.0,76.0,0.6818181818181818,-0.831555791041261,0.3634941914945588,0.32695180727271295,0.10569710079461403,0.18460088280895096,0.30212861921425516,-0.2411064173003984,0.8422260151910309,-1.0,-0.5528529145658752
290,1,60,1.0,60.0,0.32670454545454547,-1.0,0.4824678305749189,-0.5948784375999301,0.44773194900079377,1.0,-0.9341413678437487,-0.02974156591794047,0.6481390352743569,-1.0,0.45892712744487874
291,6,73,6.0,73.0,0.7982954545454546,-1.0,0.35108459304979533,-0.8679390172493635,0.433413869246437,1.0,0.3612387942693226,0.18855032661275928,-0.5235030577919929,-1.0,1.0
292,5,53,5.0,53.0,0.20170454545454544,-0.5781771304669356,1.0,-0.08311262935253716,0.015340922783266597,0.5523688063272281,1.0,0.1596586296829898,-0.5412896950160978,-0.30945918971372666,0.26324235802222906
293,2,70,2.0,70.0,0.2159090909090909,-0.41012261623815316,-0.1415684029740858,1.0,0.23632898610332964,1.0,-0.5384673059126037,-0.49958318685466396,-1.0,-0.6425192693660449,0.46590581712643886
294,1,91,1.0,91.0,0.4900568181818182,0.01086267730372233,0.5330763454561431,-0.06656434133040884,-0.5568884332545245,1.0,-0.9039200609328124,-0.8441622265978395,1.0,-1.0,0.975571197603158
295,1,14,1.0,14.0,0.31392045454545453,0.21615971260390754,0.120631582703671,0.30955670384641276,-0.918253833954968,-1.0,-0.7025916856891964,0.6957916028854718,-0.8230636600793544,-0.12871051575427955,-1.0
296,5,75,5.0,75.0,0.5184659090909091,-0.9794356811774074,-0.041263874872736916,-1.0,-0.009006400110414578,0.06359757865781691,0.8136384578460814,0.0048388026323020195,-0.10857110287460942,-1.0,1.0
297,4,43,4.0,43.0,0.6150568181818182,-1.0,0.6845888150203769,-0.645791174704982,-0.5073828070163926,-0.3733830697549002,0.0014245984109152454,0.06286990484701159,-0.1410116997603582,1.0,0.9007210948205598
298,3,33,3.0,33.0,0.7173295454545454,0.9971556312551912,-1.0,-0.8977142380876626,0.15824231974208203,-1.0,-0.5791055643994699,0.614773175466733,-1.0,0.14378579225129573,-0.11158369110801133
299,6,64,6.0,64.0,0.03977272727272727,-1.0,-0.06646228198566269,-0.4353096221928754,0.4039162082440921,0.4012788435176412,0.27441123889488106,0.036765773340294336,-1.0,-0.9097847907713359,1.0
300,2,27,2.0,27.0,0.15056818181818182,1.0,-0.2804017105563463,0.32806340363386766,1.0,0.15069044412763238,1.0,1.0,-0.700431413609846,0.3160168028639253,0.7676391781543161
301,5,44,5.0,44.0,0.4431818181818182,1.0,-0.7343823037859839,1.0,1.0,-0.41039020722267466,0.8731155292419694,-0.21687711939216908,0.2776577390370448,0.10064508382481596,0.6771649722213448
302,0,87,0.0,87.0,0.5639204545454546,-1.0,0.18883484709428383,0.9020090479484392,-0.023810376331058314,0.40026099331838416,0.2250905592888161,-0.7848152851889094,1.0,-1.0,-0.13358264812102688
303,3,92,3.0,92.0,0.4872159090909091,-1.0,-0.5790339706191842,0.1371821714569918,-0.7614650158919222,0.760338386326529,0.7852002294321846,-0.20030370919564952,-0.8292652601708597,-0.8804613386087372,1.0
304,1,20,1.0,20.0,0.5014204545454546,-0.8367824451544532,0.5036088640134206,-0.3154348934196059,-0.9391240223830343,-0.9390367491330072,-1.0,0.7282127880691641,0.20714990699635816,0.41438147150456633,-1.0
305,2,76,2.0,76.0,0.59375,-1.0,-0.5168105015039763,-0.6630521361733794,-0.3634608361009693,-1.0,0.48839929905278634,-0.10703654367177631,-1.0,0.058058618588087,0.6206120157457089
306,0,28,0.0,28.0,0.2627840909090909,0.710295739619655,0.004879452015905339,-1.0,1.0,0.19156286865392808,0.704425695306496,0.6933505105542198,-0.6111287251637919,0.10609671799100426,0.7653317572919182
307,4,42,4.0,42.0,0.4375,-1.0,1.0,-0.23261573134257238,0.34523398054836946,0.6602872385227205,0.8793570664255415,0.2815725638136041,-0.48450576020365976,0.7462078911952845,1.0
308,4,57,4.0,57.0,0.04971590909090909,0.29931040262173136,0.43068258349603716,-1.0,1.0,1.0,1.0,-0.11664359633933953,-0.9743618794428506,1.0,1.0
309,4,34,4.0,34.0,0.2372159090909091,0.9743901234380685,-0.3964342752590355,-0.7301497233480039,0.34048634534267697,-0.18652638719872794,0.0547635197554166,0.005684968261449486,-0.13448581629502376,0.15858188106722354,0.70257640250204
310,2,91,2.0,91.0,0.6051136363636364,-1.0,-1.0,1.0,-0.27857791990881176,1.0,1.0,-0.21904253982499117,-0.3026052532828721,-0.17520958718459412,1.0
311,4,92,4.0,92.0,0.671875,-1.0,-1.0,-0.8776468462966803,-1.0,0.3895459571210331,0.6286134807918269,0.020972090098177965,-0.09445327967639894,-0.6800151933516645,1.0
312,3,39,3.0,39.0,0.5539772727272727,1.0,-1.0,-1.0,-0.1306693462659439,-0.48002988358540477,0.5232737160336034,1.0,-0.9029764654993366,1.0,1.0
313,2,2,2.0,2.0,0.07102272727272728,0.14633504795712354,-0.16748836753006624,0.7381884238560975,-1.0,0.07562267558335711,1.0,0.7203867557861542,-0.5816870290838376,-0.2688097905112836,-0.6502614605176068
